Top pages,Clicks,Impressions,CTR,Position
https://www.loststreet.online/,82,212,38.68%,7.06
https://www.loststreet.online/about,3,28,10.71%,4.11
https://www.loststreet.online/community,2,12,16.67%,5.67
https://www.loststreet.online/guides/hardest-countries-to-guess,1,456,0.22%,10.84
https://www.loststreet.online/chronicles/in,1,5,20%,26.2
https://www.loststreet.online/privacy,1,1,100%,1
https://www.loststreet.online/chronicles/bn,0,78,0%,55.23
https://www.loststreet.online/guides/how-to-guess-locations-from-street-view,0,51,0%,33.98
https://www.loststreet.online/guides/flag-identification-guide,0,25,0%,38.64
https://www.loststreet.online/guides/africa-street-view-guide,0,17,0%,13.06
https://www.loststreet.online/chronicles/bh,0,15,0%,57.6
https://www.loststreet.online/guides/geography-clues-guide,0,13,0%,29.08
https://www.loststreet.online/chronicles/om,0,12,0%,60.83
https://www.loststreet.online/flag-guesser,0,10,0%,33.5
https://www.loststreet.online/chronicles/al,0,10,0%,62.5
https://www.loststreet.online/chronicles/na,0,8,0%,67.12
https://www.loststreet.online/chronicles/pa,0,8,0%,81.12
https://www.loststreet.online/guides/europe-street-view-guide,0,6,0%,24.17
https://www.loststreet.online/chronicles/gh,0,6,0%,71.67
https://www.loststreet.online/chronicles/cv,0,6,0%,90.5
https://www.loststreet.online/guides/asia-street-view-guide,0,5,0%,37.8
https://www.loststreet.online/chronicles/ng,0,5,0%,62.4
https://www.loststreet.online/chronicles/af,0,5,0%,63.8
https://www.loststreet.online/chronicles/nz,0,5,0%,65.6
https://www.loststreet.online/chronicles/iq,0,5,0%,74.8
https://www.loststreet.online/chronicles/az,0,5,0%,81.4
https://www.loststreet.online/chronicles/lc,0,4,0%,64.25
https://www.loststreet.online/chronicles/ad,0,3,0%,27.67
https://www.loststreet.online/chronicles/lr,0,3,0%,28.67
https://www.loststreet.online/chronicles/ss,0,3,0%,38.33
https://www.loststreet.online/chronicles/ee,0,3,0%,42
https://www.loststreet.online/chronicles/ye,0,3,0%,59
https://www.loststreet.online/chronicles/er,0,2,0%,6
https://www.loststreet.online/chronicles/nr,0,2,0%,23
https://www.loststreet.online/chronicles/ls,0,2,0%,35
https://www.loststreet.online/chronicles/bb,0,2,0%,35.5
https://www.loststreet.online/chronicles/mn,0,2,0%,45
https://www.loststreet.online/chronicles/lb,0,2,0%,51.5
https://www.loststreet.online/chronicles/it,0,2,0%,55
https://www.loststreet.online/guides,0,2,0%,58
https://www.loststreet.online/chronicles/de,0,2,0%,59.5
https://www.loststreet.online/chronicles/lk,0,2,0%,67
https://www.loststreet.online/chronicles/au,0,1,0%,3
https://www.loststreet.online/chronicles/no,0,1,0%,5
https://www.loststreet.online/chronicles/id,0,1,0%,9
https://www.loststreet.online/chronicles/mh,0,1,0%,9
https://www.loststreet.online/chronicles/lv,0,1,0%,10
https://www.loststreet.online/chronicles/qa,0,1,0%,10
https://www.loststreet.online/chronicles/td,0,1,0%,10
https://www.loststreet.online/chronicles/pe,0,1,0%,11
https://www.loststreet.online/chronicles/my,0,1,0%,16
https://www.loststreet.online/chronicles/bg,0,1,0%,17
https://www.loststreet.online/chronicles/is,0,1,0%,27
https://www.loststreet.online/chronicles/rs,0,1,0%,37
https://www.loststreet.online/chronicles/mk,0,1,0%,40
https://www.loststreet.online/chronicles/rw,0,1,0%,45
https://www.loststreet.online/chronicles/md,0,1,0%,49
https://www.loststreet.online/chronicles/mx,0,1,0%,59
https://www.loststreet.online/chronicles/lu,0,1,0%,61
https://www.loststreet.online/chronicles/ge,0,1,0%,92
https://www.loststreet.online/chronicles/br,0,1,0%,94